classifier_name,archive_name,dataset_name,iteration,precision,accuracy,recall,duration
inception,UCRArchive_2018,Wafer,0.0,0.9931214883987098,0.9982154445165476,0.9976779099959392,647.6484715938567
inception,UCRArchive_2018,HandOutlines,0.0,0.953530416150524,0.945945945945946,0.9297611116398592,5607.168167114258
inception,UCRArchive_2018,ShapesAll,0.0,0.9239722314722314,0.915,0.915,784.6097433567047
inception,UCRArchive_2018,FiftyWords,0.0,0.7031457423282861,0.8043956043956044,0.6775176468698141,415.8979766368866
inception,UCRArchive_2018,FaceFour,0.0,0.9666666666666668,0.9545454545454546,0.958041958041958,388.3393914699554
inception,UCRArchive_2018,ShakeGestureWiimoteZ,0.0,0.9180952380952382,0.9,0.9,407.6392946243286
inception,UCRArchive_2018,DodgerLoopGame,0.0,0.8487492116880386,0.8478260869565217,0.8491161616161615,574.3230748176575
inception,UCRArchive_2018,ScreenType,0.0,0.5782200730275833,0.5706666666666667,0.5706666666666667,584.9358880519868
inception,UCRArchive_2018,GestureMidAirD3,0.0,0.40441641691641694,0.3692307692307693,0.3692307692307692,256.61901664733887
inception,UCRArchive_2018,ItalyPowerDemand,0.0,0.9555718109236072,0.9552964042759962,0.9552620245704702,167.00691390037537
inception,UCRArchive_2018,ToeSegmentation1,0.0,0.9567426108374384,0.9561403508771931,0.9578703703703704,547.4451417922974
inception,UCRArchive_2018,FordA,0.0,0.955184865301922,0.9553030303030304,0.955378378937354,4289.5469336509705
inception,UCRArchive_2018,AllGestureWiimoteZ,0.0,0.77923040175186,0.7785714285714286,0.7785714285714286,379.6802439689636
inception,UCRArchive_2018,Coffee,0.0,1.0,1.0,1.0,379.8239572048187
inception,UCRArchive_2018,EOGVerticalSignal,0.0,0.4450817180660204,0.44751381215469616,0.4483561982449635,1041.823183298111
inception,UCRArchive_2018,ProximalPhalanxTW,0.0,0.5661189767469961,0.7853658536585366,0.5382235647161021,579.6204903125762
inception,UCRArchive_2018,TwoLeadECG,0.0,0.995644599303136,0.9956101843722563,0.9956140350877192,452.7971205711365
inception,UCRArchive_2018,SemgHandSubjectCh2,0.0,0.8088468753200768,0.8,0.8,1259.168282032013
inception,UCRArchive_2018,NonInvasiveFetalECGThorax2,0.0,0.9567489077730312,0.9587786259541984,0.9565967743658392,2767.1585397720337
inception,UCRArchive_2018,SwedishLeaf,0.0,0.9507417227172772,0.9472,0.9489816613419098,802.3838157653809
inception,UCRArchive_2018,Chinatown,0.0,0.97,0.9825072886297376,0.9879518072289156,463.8323519229889
inception,UCRArchive_2018,WordSynonyms,0.0,0.6503199566943562,0.731974921630094,0.5901667537621151,381.4086408615112
inception,UCRArchive_2018,Strawberry,0.0,0.9759562670342408,0.9810810810810808,0.9836070791953144,473.7469210624695
inception,UCRArchive_2018,ECGFiveDays,0.0,1.0,1.0,1.0,651.1340007781982
inception,UCRArchive_2018,Crop,0.0,0.7480272130755184,0.7531547619047619,0.7531547619047618,4032.310709476471
inception,UCRArchive_2018,UWaveGestureLibraryZ,0.0,0.7390188676349797,0.7481853713009492,0.7498745891345837,827.1475694179535
inception,UCRArchive_2018,UWaveGestureLibraryX,0.0,0.8061828218303473,0.8129536571747628,0.8111405229477234,820.7186388969421
inception,UCRArchive_2018,Computers,0.0,0.7800179211469533,0.78,0.78,450.464946269989
inception,UCRArchive_2018,FreezerSmallTrain,0.0,0.8481197200857395,0.8480701754385965,0.8480701754385964,390.0002181529999
inception,UCRArchive_2018,DodgerLoopWeekend,0.0,0.9436674436674436,0.9637681159420288,0.9665032679738562,389.12136244773865
inception,UCRArchive_2018,SmoothSubspace,0.0,0.973846153846154,0.9733333333333334,0.9733333333333332,136.2950723171234
inception,UCRArchive_2018,Rock,0.0,0.8173976608187135,0.84,0.8650793650793651,477.72187304496765
inception,UCRArchive_2018,SemgHandMovementCh2,0.0,0.5476013899818596,0.4288888888888889,0.4288888888888889,1262.511299610138
inception,UCRArchive_2018,ShapeletSim,0.0,0.9838709677419356,0.9833333333333332,0.9833333333333334,505.90533351898193
inception,UCRArchive_2018,MoteStrain,0.0,0.8909297668126086,0.8825878594249201,0.8768945375184543,466.2703230381012
inception,UCRArchive_2018,CinCECGTorso,0.0,0.8775776320976265,0.8644927536231884,0.8649502823903888,498.9222853183746
inception,UCRArchive_2018,InlineSkate,0.0,0.4961583274146114,0.4654545454545455,0.4765074354103697,453.80858063697815
inception,UCRArchive_2018,SonyAIBORobotSurface2,0.0,0.9381104688037982,0.9454354669464848,0.950587084148728,385.6187553405762
inception,UCRArchive_2018,InsectEPGSmallTrain,0.0,0.9467525038391179,0.9437751004016064,0.9442948130817108,393.2046835422516
inception,UCRArchive_2018,FreezerRegularTrain,0.0,0.9968619246861924,0.996842105263158,0.996842105263158,175.44111680984497
inception,UCRArchive_2018,ArrowHead,0.0,0.8308367486338798,0.8228571428571428,0.8371160331783795,493.304856300354
inception,UCRArchive_2018,GunPointMaleVersusFemale,0.0,0.9934210526315791,0.9936708860759492,0.9939759036144578,140.04321718215942
inception,UCRArchive_2018,Haptics,0.0,0.5731649355210998,0.564935064935065,0.5644458231926283,474.8406112194061
inception,UCRArchive_2018,PigCVP,0.0,0.9613095238095236,0.9471153846153846,0.9471153846153846,423.32213973999023
inception,UCRArchive_2018,Worms,0.0,0.7762554112554113,0.7532467532467533,0.679032634032634,351.6526520252228
inception,UCRArchive_2018,Beef,0.0,0.7666666666666666,0.6666666666666666,0.6666666666666666,392.76247453689575
inception,UCRArchive_2018,ToeSegmentation2,0.0,0.8916012290884261,0.946153846153846,0.9508647798742138,523.5870862007141
inception,UCRArchive_2018,MiddlePhalanxOutlineAgeGroup,0.0,0.46556058320764204,0.5454545454545454,0.4449716173854105,296.3856706619262
inception,UCRArchive_2018,Meat,0.0,0.9214340198321892,0.9166666666666666,0.9166666666666666,627.1200840473175
inception,UCRArchive_2018,BirdChicken,0.0,0.9545454545454546,0.95,0.95,504.6884648799896
inception,UCRArchive_2018,OliveOil,0.0,0.8933566433566434,0.8333333333333334,0.7638888888888888,610.1146490573882
inception,UCRArchive_2018,InsectEPGRegularTrain,0.0,1.0,1.0,1.0,441.19271087646484
inception,UCRArchive_2018,CricketZ,0.0,0.8312065441307223,0.8333333333333334,0.8262178018171465,371.5199854373932
inception,UCRArchive_2018,Lightning7,0.0,0.8095804988662133,0.8082191780821918,0.8221565819310179,129.67850613594058
inception,UCRArchive_2018,AllGestureWiimoteX,0.0,0.7684428759779496,0.7714285714285715,0.7714285714285715,434.4154870510101
inception,UCRArchive_2018,UWaveGestureLibraryAll,0.0,0.9431149537557582,0.942211055276382,0.942412331392785,1939.0180642604828
inception,UCRArchive_2018,Fish,0.0,0.9832068092937656,0.9828571428571428,0.9840194698569082,241.7975287437439
inception,UCRArchive_2018,SmallKitchenAppliances,0.0,0.7697527822658167,0.768,0.7679999999999999,575.3763911724092
inception,UCRArchive_2018,ACSF1,0.0,0.909148629148629,0.91,0.91,349.94533109664917
inception,UCRArchive_2018,ChlorineConcentration,0.0,0.8529192012966799,0.8596354166666667,0.8254072914746939,923.050670146942
inception,UCRArchive_2018,Ham,0.0,0.7274590163934427,0.7238095238095238,0.721677559912854,183.80883622169492
inception,UCRArchive_2018,SyntheticControl,0.0,0.9933333333333332,0.9933333333333332,0.9933333333333332,205.8943381309509
inception,UCRArchive_2018,MiddlePhalanxTW,0.0,0.40798008955329146,0.525974025974026,0.39254511993642427,550.5418071746826
inception,UCRArchive_2018,InsectWingbeatSound,0.0,0.6341050353073359,0.6328282828282829,0.6328282828282827,607.0256977081299
inception,UCRArchive_2018,Car,0.0,0.8722943722943723,0.8666666666666667,0.8643724696356275,430.8252620697022
inception,UCRArchive_2018,MelbournePedestrian,0.0,0.9094382942600601,0.9085690856908568,0.9083656026513168,1221.8576521873476
inception,UCRArchive_2018,Plane,0.0,1.0,1.0,1.0,230.66859126091003
inception,UCRArchive_2018,PigAirwayPressure,0.0,0.5726953601953603,0.5240384615384616,0.5240384615384616,432.0979442596436
inception,UCRArchive_2018,ECG5000,0.0,0.6732576440980909,0.9368888888888888,0.5752553064441772,777.6505019664764
inception,UCRArchive_2018,AllGestureWiimoteY,0.0,0.8325825825825826,0.8328571428571429,0.8328571428571427,419.16196751594543
inception,UCRArchive_2018,MixedShapesRegularTrain,0.0,0.9680988768307666,0.9678350515463916,0.9675177901704568,1156.1293578147888
inception,UCRArchive_2018,ProximalPhalanxOutlineAgeGroup,0.0,0.7645083639330886,0.8536585365853658,0.7788057040998217,556.1401903629303
inception,UCRArchive_2018,ECG200,0.0,0.9180035650623886,0.92,0.9071180555555556,120.5399432182312
inception,UCRArchive_2018,Adiac,0.0,0.8394725593255006,0.8312020460358056,0.838565376065376,310.9203207492828
inception,UCRArchive_2018,FaceAll,0.0,0.891223838857379,0.7964497041420119,0.9019250563483748,987.881432056427
inception,UCRArchive_2018,FacesUCR,0.0,0.9586663283220859,0.9634146341463414,0.9460924167268004,386.79674315452576
inception,UCRArchive_2018,UWaveGestureLibraryY,0.0,0.7474389852918741,0.7501395868230039,0.7507584629899291,805.4965062141417
inception,UCRArchive_2018,Symbols,0.0,0.9832045162608748,0.9829145728643216,0.9832698099773944,386.46619486808777
inception,UCRArchive_2018,CricketY,0.0,0.8453072828739585,0.8410256410256409,0.8425544859243658,518.8363246917726
inception,UCRArchive_2018,Lightning2,0.0,0.8019480519480521,0.8032786885245902,0.8019480519480521,445.1296973228455
inception,UCRArchive_2018,BME,0.0,0.9934640522875816,0.9933333333333332,0.9933333333333332,388.6860430240631
inception,UCRArchive_2018,Herring,0.0,0.6589743589743591,0.671875,0.6568825910931173,673.4168248176575
inception,UCRArchive_2018,GunPointAgeSpan,0.0,0.9874939874939876,0.9873417721518988,0.9872596153846154,141.74610447883606
inception,UCRArchive_2018,TwoPatterns,0.0,1.0,1.0,1.0,611.7246911525726
inception,UCRArchive_2018,DistalPhalanxOutlineAgeGroup,0.0,0.7351150401030385,0.7482014388489209,0.7779805881500796,594.7299780845643
inception,UCRArchive_2018,OSULeaf,0.0,0.9320471384804964,0.9256198347107438,0.8990620490620491,690.2684946060181
inception,UCRArchive_2018,GunPoint,0.0,1.0,1.0,1.0,392.2181451320648
inception,UCRArchive_2018,Phoneme,0.0,0.21639534871375368,0.3248945147679325,0.21067630650959976,520.3305447101593
inception,UCRArchive_2018,DiatomSizeReduction,0.0,0.9513248542660308,0.931372549019608,0.8949871050934881,629.8088872432709
inception,UCRArchive_2018,PowerCons,0.0,0.9446640316205536,0.9444444444444444,0.9444444444444444,151.29140901565555
inception,UCRArchive_2018,UMD,0.0,0.9861111111111109,0.9861111111111112,0.9861111111111109,380.5913577079773
inception,UCRArchive_2018,CBF,0.0,0.99457111834962,0.9944444444444444,0.9944444444444444,382.5689420700073
inception,UCRArchive_2018,GesturePebbleZ1,0.0,0.9331218374446552,0.9244186046511628,0.92327187100894,197.68597769737244
inception,UCRArchive_2018,SonyAIBORobotSurface1,0.0,0.8706896551724138,0.8502495840266223,0.8688046647230321,381.10596990585327
inception,UCRArchive_2018,HouseTwenty,0.0,0.9755102040816326,0.9747899159663864,0.9727536231884056,489.5447118282318
inception,UCRArchive_2018,BeetleFly,0.0,0.8333333333333333,0.75,0.75,381.1589341163635
inception,UCRArchive_2018,ElectricDevices,0.0,0.6749531881238344,0.7021138633121514,0.6131295996941273,8580.538791418076
inception,UCRArchive_2018,Fungi,0.0,1.0,1.0,1.0,576.00137591362
inception,UCRArchive_2018,FordB,0.0,0.8681220095693779,0.8679012345679012,0.86777859751599,4385.573764324188
inception,UCRArchive_2018,StarLightCurves,0.0,0.9755141944535658,0.9788732394366196,0.9623676006154942,2185.557532787323
inception,UCRArchive_2018,Wine,0.0,0.7625,0.7592592592592593,0.7592592592592593,488.62101125717163
inception,UCRArchive_2018,GestureMidAirD1,0.0,0.7667124542124543,0.7461538461538462,0.7461538461538463,265.9837658405304
inception,UCRArchive_2018,GesturePebbleZ2,0.0,0.8766613503455609,0.8734177215189873,0.8638239538239537,204.32929944992063
inception,UCRArchive_2018,MixedShapesSmallTrain,0.0,0.9070397383275096,0.9096907216494844,0.9077032801528556,235.29575753211972
inception,UCRArchive_2018,LargeKitchenAppliances,0.0,0.9099241795847592,0.904,0.904,690.0584580898285
inception,UCRArchive_2018,DodgerLoopDay,0.0,0.021428571428571432,0.15,0.14285714285714285,215.324866771698
inception,UCRArchive_2018,MiddlePhalanxOutlineCorrect,0.0,0.8109756097560976,0.8144329896907216,0.8096867469879518,810.4269125461577
inception,UCRArchive_2018,PhalangesOutlinesCorrect,0.0,0.8349178055060409,0.837995337995338,0.8195462458197811,1080.0667190551758
inception,UCRArchive_2018,NonInvasiveFetalECGThorax1,0.0,0.9606159843647064,0.9618320610687024,0.9608182339830006,3190.457865953445
inception,UCRArchive_2018,PickupGestureWiimoteZ,0.0,0.7375,0.72,0.72,404.0374028682709
inception,UCRArchive_2018,WormsTwoClass,0.0,0.7880952380952382,0.7922077922077922,0.7916666666666666,354.94110703468317
inception,UCRArchive_2018,SemgHandGenderCh2,0.0,0.7889509210573811,0.8083333333333333,0.7932234432234433,1020.6569366455078
inception,UCRArchive_2018,Mallat,0.0,0.9491007854385841,0.9428571428571428,0.9433139830795996,450.6472704410553
inception,UCRArchive_2018,PLAID,0.0,0.9082568425008604,0.9292364990689012,0.8818448615003973,1630.146330833435
inception,UCRArchive_2018,Trace,0.0,1.0,1.0,1.0,323.6043601036072
inception,UCRArchive_2018,DistalPhalanxTW,0.0,0.5162457912457912,0.6690647482014388,0.5110961163592743,523.9729461669922
inception,UCRArchive_2018,Earthquakes,0.0,0.473134328358209,0.7266187050359713,0.4950549450549451,416.784059047699
inception,UCRArchive_2018,Yoga,0.0,0.9065508684193108,0.9053333333333332,0.9033196027251558,369.3654205799103
inception,UCRArchive_2018,MedicalImages,0.0,0.7880504425523011,0.7907894736842105,0.7520847165718256,525.3931908607483
inception,UCRArchive_2018,RefrigerationDevices,0.0,0.541776119611081,0.5413333333333333,0.5413333333333333,585.5401442050934
inception,UCRArchive_2018,GestureMidAirD2,0.0,0.768986568986569,0.7307692307692307,0.7307692307692307,271.3217070102692
inception,UCRArchive_2018,DistalPhalanxOutlineCorrect,0.0,0.7863878143133463,0.7789855072463768,0.7559006211180124,833.7273666858673
inception,UCRArchive_2018,GunPointOldVersusYoung,0.0,0.9520697167755992,0.9523809523809524,0.9527272727272726,137.22617268562314
inception,UCRArchive_2018,PigArtPressure,0.0,0.996153846153846,0.9951923076923076,0.9951923076923076,479.03798723220825
inception,UCRArchive_2018,EthanolLevel,0.0,0.8087840833618429,0.8059999999999999,0.8058435739887353,1958.1645078659055
inception,UCRArchive_2018,CricketX,0.0,0.8369879759072609,0.8282051282051283,0.8382115704767665,377.4208226203919
inception,UCRArchive_2018,EOGHorizontalSignal,0.0,0.6613051315690134,0.6104972375690608,0.6116240266963292,1041.852424621582
inception,UCRArchive_2018,ProximalPhalanxOutlineCorrect,0.0,0.9303583502366464,0.9347079037800688,0.9171946689971596,819.6369819641112
inception,UCRArchive_2018,Wafer,1.0,0.9939565775326882,0.9985399091499026,0.9985207153180278,637.1945426464082
inception,UCRArchive_2018,HandOutlines,1.0,0.9717523243801652,0.9702702702702702,0.9635956981060244,5767.482018709184
inception,UCRArchive_2018,ShapesAll,1.0,0.9266390091390092,0.915,0.915,811.8294470310211
inception,UCRArchive_2018,FiftyWords,1.0,0.7520626040626042,0.8285714285714286,0.7143119242298809,1260.7263062000275
inception,UCRArchive_2018,FaceFour,1.0,0.9741379310344828,0.9659090909090908,0.9676573426573428,596.9903433322906
inception,UCRArchive_2018,ShakeGestureWiimoteZ,1.0,0.938095238095238,0.92,0.92,569.5179541110992
inception,UCRArchive_2018,DodgerLoopGame,1.0,0.8622760800842992,0.8623188405797102,0.8617424242424243,387.2202832698822
inception,UCRArchive_2018,ScreenType,1.0,0.5935164522856985,0.5866666666666667,0.5866666666666666,712.347738981247
inception,UCRArchive_2018,GestureMidAirD3,1.0,0.3402625152625153,0.3538461538461539,0.3538461538461538,267.0575752258301
inception,UCRArchive_2018,ItalyPowerDemand,1.0,0.968980253463012,0.9689018464528668,0.9688845822566752,159.65658640861508
inception,UCRArchive_2018,ToeSegmentation1,1.0,0.9691035013466718,0.9692982456140352,0.9703703703703704,533.9884662628174
inception,UCRArchive_2018,FordA,1.0,0.9566862040771328,0.9568181818181818,0.9569433241642711,4021.6201691627502
inception,UCRArchive_2018,AllGestureWiimoteZ,1.0,0.7964302794413736,0.7957142857142857,0.7957142857142856,385.1509428024292
inception,UCRArchive_2018,Coffee,1.0,1.0,1.0,1.0,543.3530657291411
inception,UCRArchive_2018,EOGVerticalSignal,1.0,0.468780449268955,0.4668508287292818,0.4687214188604623,1042.9266691207886
inception,UCRArchive_2018,ProximalPhalanxTW,1.0,0.5454777311940572,0.7853658536585366,0.5238717128642502,513.2857167720795
inception,UCRArchive_2018,TwoLeadECG,1.0,0.9982486865148862,0.9982440737489026,0.9982456140350876,450.77833223342896
inception,UCRArchive_2018,SemgHandSubjectCh2,1.0,0.8153778762892268,0.8044444444444444,0.8044444444444444,1290.6703579425812
inception,UCRArchive_2018,NonInvasiveFetalECGThorax2,1.0,0.9543407982067617,0.9572519083969464,0.9542846681646046,2771.275335788727
inception,UCRArchive_2018,SwedishLeaf,1.0,0.9670208439091148,0.9664,0.9672660948437346,796.637861251831
inception,UCRArchive_2018,Chinatown,1.0,0.9747474747474748,0.9854227405247812,0.9899598393574296,597.1630961894989
inception,UCRArchive_2018,WordSynonyms,1.0,0.6915305574853344,0.7351097178683386,0.5953406473838843,276.70206117630005
inception,UCRArchive_2018,Strawberry,1.0,0.9794808949220716,0.9837837837837838,0.9857079195314488,475.8648300170898
inception,UCRArchive_2018,ECGFiveDays,1.0,1.0,1.0,1.0,473.164694070816
inception,UCRArchive_2018,Crop,1.0,0.7439956285557013,0.7481547619047619,0.7481547619047619,4030.854953765869
inception,UCRArchive_2018,UWaveGestureLibraryZ,1.0,0.7383761889772751,0.7459519821328866,0.7475966055511731,947.1136455535888
inception,UCRArchive_2018,UWaveGestureLibraryX,1.0,0.802809647046493,0.8073701842546064,0.8056042972111733,812.9435019493103
inception,UCRArchive_2018,Computers,1.0,0.8120199692780339,0.812,0.812,398.7625696659088
inception,UCRArchive_2018,FreezerSmallTrain,1.0,0.8731066642560971,0.8729824561403509,0.8729824561403509,390.926949262619
inception,UCRArchive_2018,DodgerLoopWeekend,1.0,0.9555263157894736,0.9710144927536232,0.97140522875817,391.6133484840393
inception,UCRArchive_2018,SmoothSubspace,1.0,0.986797385620915,0.9866666666666668,0.9866666666666668,133.7877721786499
inception,UCRArchive_2018,Rock,1.0,0.5650584795321638,0.52,0.6071428571428571,209.51988744735718
inception,UCRArchive_2018,SemgHandMovementCh2,1.0,0.5011358231840716,0.4133333333333333,0.4133333333333334,1517.6141731739044
inception,UCRArchive_2018,ShapeletSim,1.0,0.8409090909090908,0.7666666666666667,0.7666666666666666,511.77617812156683
inception,UCRArchive_2018,MoteStrain,1.0,0.8870200126461396,0.8849840255591054,0.8818845882277424,473.112193107605
inception,UCRArchive_2018,CinCECGTorso,1.0,0.8774166395134138,0.8652173913043478,0.8656310029732717,491.8308804035187
inception,UCRArchive_2018,InlineSkate,1.0,0.5361039825109419,0.4909090909090909,0.5038514166486072,413.819970369339
inception,UCRArchive_2018,SonyAIBORobotSurface2,1.0,0.9304993435646702,0.938090241343127,0.9430761345634144,390.99350142478943
inception,UCRArchive_2018,InsectEPGSmallTrain,1.0,0.9465982915350004,0.9437751004016064,0.9452152726767086,576.5563807487488
inception,UCRArchive_2018,FreezerRegularTrain,1.0,0.9965156794425089,0.9964912280701754,0.9964912280701754,176.2631471157074
inception,UCRArchive_2018,ArrowHead,1.0,0.8664021164021164,0.8685714285714285,0.8713882052684351,637.056266784668
inception,UCRArchive_2018,GunPointMaleVersusFemale,1.0,0.9966887417218544,0.9968354430379748,0.9969879518072288,138.85712933540344
inception,UCRArchive_2018,Haptics,1.0,0.5630420015308075,0.5584415584415584,0.5572679377804142,423.0730135440826
inception,UCRArchive_2018,PigCVP,1.0,0.9705128205128204,0.9615384615384616,0.9615384615384616,477.9916343688965
inception,UCRArchive_2018,Worms,1.0,0.785672514619883,0.7922077922077922,0.7483566433566434,407.3863000869751
inception,UCRArchive_2018,Beef,1.0,0.7920634920634921,0.7333333333333333,0.7333333333333333,547.1628794670105
inception,UCRArchive_2018,ToeSegmentation2,1.0,0.8870967741935484,0.946153846153846,0.9669811320754718,394.5005784034729
inception,UCRArchive_2018,MiddlePhalanxOutlineAgeGroup,1.0,0.4794601828005858,0.5324675324675324,0.46350151091530395,555.7402095794679
inception,UCRArchive_2018,Meat,1.0,0.9363636363636364,0.9333333333333332,0.9333333333333332,625.6413409709929
inception,UCRArchive_2018,BirdChicken,1.0,1.0,1.0,1.0,608.4166915416718
inception,UCRArchive_2018,OliveOil,1.0,0.8933566433566434,0.8333333333333334,0.7638888888888888,516.5963599681853
inception,UCRArchive_2018,InsectEPGRegularTrain,1.0,1.0,1.0,1.0,438.91672921180725
inception,UCRArchive_2018,CricketZ,1.0,0.8527151543295984,0.8538461538461538,0.8483596081354503,372.6962456703186
inception,UCRArchive_2018,Lightning7,1.0,0.8359937914559764,0.8356164383561644,0.85843776106934,124.04813909530641
inception,UCRArchive_2018,AllGestureWiimoteX,1.0,0.7727282729875645,0.77,0.77,411.1348624229431
inception,UCRArchive_2018,UWaveGestureLibraryAll,1.0,0.9405115629423172,0.9399776661083192,0.9401710659486102,1963.5151724815369
inception,UCRArchive_2018,Fish,1.0,0.972018722018722,0.9714285714285714,0.971264367816092,229.6231074333191
inception,UCRArchive_2018,SmallKitchenAppliances,1.0,0.7463413435549658,0.7466666666666667,0.7466666666666667,601.3975713253021
inception,UCRArchive_2018,ACSF1,1.0,0.8949605949605949,0.89,0.89,369.7168757915497
inception,UCRArchive_2018,ChlorineConcentration,1.0,0.8652317180171876,0.8692708333333333,0.8338122784077342,919.84362077713
inception,UCRArchive_2018,Ham,1.0,0.6958914159941306,0.6952380952380952,0.6938997821350763,495.479391336441
inception,UCRArchive_2018,SyntheticControl,1.0,0.9967320261437908,0.9966666666666668,0.9966666666666668,339.1848266124725
inception,UCRArchive_2018,MiddlePhalanxTW,1.0,0.3807961223042615,0.5,0.36471903297990255,589.0903928279878
inception,UCRArchive_2018,InsectWingbeatSound,1.0,0.629175695138386,0.6318181818181818,0.6318181818181818,609.4759032726288
inception,UCRArchive_2018,Car,1.0,0.8875,0.8833333333333333,0.8836032388663968,677.3858623504639
inception,UCRArchive_2018,MelbournePedestrian,1.0,0.913066017118546,0.9126691266912668,0.9125047967905112,1210.6082346439364
inception,UCRArchive_2018,Plane,1.0,1.0,1.0,1.0,225.55965042114258
inception,UCRArchive_2018,PigAirwayPressure,1.0,0.6011904761904762,0.5480769230769231,0.5480769230769231,495.9819440841675
inception,UCRArchive_2018,ECG5000,1.0,0.6958076698943612,0.9397777777777778,0.5795209357341501,861.836315870285
inception,UCRArchive_2018,AllGestureWiimoteY,1.0,0.8148275617666606,0.8157142857142857,0.8157142857142856,381.6503822803497
inception,UCRArchive_2018,MixedShapesRegularTrain,1.0,0.964707935425475,0.9645360824742268,0.9636634236045684,1119.2003972530363
inception,UCRArchive_2018,ProximalPhalanxOutlineAgeGroup,1.0,0.7270022158911048,0.8292682926829268,0.7435918003565062,560.4522635936737
inception,UCRArchive_2018,ECG200,1.0,0.9016544117647058,0.9,0.8793402777777778,210.9681532382965
inception,UCRArchive_2018,Adiac,1.0,0.8561524061524062,0.8542199488491049,0.8583895833895834,798.6558275222777
inception,UCRArchive_2018,FaceAll,1.0,0.8829599416912998,0.8100591715976332,0.9085688483680842,374.90995383262634
inception,UCRArchive_2018,FacesUCR,1.0,0.9683435019703788,0.9673170731707316,0.9538112867287584,384.5484507083893
inception,UCRArchive_2018,UWaveGestureLibraryY,1.0,0.7557013701101034,0.7587939698492462,0.7593617407829298,827.3516364097595
inception,UCRArchive_2018,Symbols,1.0,0.9871759600425776,0.9869346733668342,0.9870497479413772,532.4420487880707
inception,UCRArchive_2018,CricketY,1.0,0.854731505953636,0.8461538461538461,0.8490153177080645,378.54160261154175
inception,UCRArchive_2018,Lightning2,1.0,0.8019480519480521,0.8032786885245902,0.8019480519480521,444.77854347229004
inception,UCRArchive_2018,BME,1.0,0.9934640522875816,0.9933333333333332,0.9933333333333332,393.71455001831055
inception,UCRArchive_2018,Herring,1.0,0.611336032388664,0.625,0.611336032388664,666.2300345897676
inception,UCRArchive_2018,GunPointAgeSpan,1.0,0.9874939874939876,0.9873417721518988,0.9872596153846154,140.53623580932614
inception,UCRArchive_2018,TwoPatterns,1.0,1.0,1.0,1.0,615.7465224266052
inception,UCRArchive_2018,DistalPhalanxOutlineAgeGroup,1.0,0.6795540764479505,0.6978417266187049,0.7389540779371289,557.7816686630249
inception,UCRArchive_2018,OSULeaf,1.0,0.9364635170966178,0.9297520661157024,0.9020923520923522,685.3727614879607
inception,UCRArchive_2018,GunPoint,1.0,1.0,1.0,1.0,389.53156757354736
inception,UCRArchive_2018,Phoneme,1.0,0.2370891122973437,0.33016877637130804,0.2098732998597801,521.4173009395598
inception,UCRArchive_2018,DiatomSizeReduction,1.0,0.9649532710280374,0.9509803921568628,0.9404416505480336,491.1223883628845
inception,UCRArchive_2018,PowerCons,1.0,0.9675903018307768,0.9666666666666668,0.9666666666666668,148.04039359092712
inception,UCRArchive_2018,UMD,1.0,0.9722222222222222,0.9722222222222222,0.9722222222222222,394.78544211387634
inception,UCRArchive_2018,CBF,1.0,0.9988998899889988,0.9988888888888888,0.9988888888888888,502.99339890480036
inception,UCRArchive_2018,GesturePebbleZ1,1.0,0.9263888888888888,0.9186046511627908,0.9156406981694336,207.3179926872253
inception,UCRArchive_2018,SonyAIBORobotSurface1,1.0,0.8893411586520257,0.8818635607321131,0.895060682080141,381.23097252845764
inception,UCRArchive_2018,HouseTwenty,1.0,0.9859154929577464,0.9831932773109244,0.98,498.5410401821137
inception,UCRArchive_2018,BeetleFly,1.0,0.8571428571428572,0.8,0.8,507.564576625824
inception,UCRArchive_2018,ElectricDevices,1.0,0.6863588598169671,0.7130073920373492,0.6213203968060589,5032.2206864357
inception,UCRArchive_2018,Fungi,1.0,1.0,1.0,1.0,388.43906569480896
inception,UCRArchive_2018,FordB,1.0,0.8476712261756991,0.8469135802469135,0.8466791456566408,4490.843202352524
inception,UCRArchive_2018,StarLightCurves,1.0,0.9743610606751656,0.9785089849441476,0.9622317482024408,1917.5415058135986
inception,UCRArchive_2018,Wine,1.0,0.6588235294117647,0.6481481481481481,0.6481481481481481,473.4294078350067
inception,UCRArchive_2018,GestureMidAirD1,1.0,0.755357142857143,0.7384615384615385,0.7384615384615386,253.2135181427002
inception,UCRArchive_2018,GesturePebbleZ2,1.0,0.8817044923286158,0.8860759493670886,0.8809595959595959,208.4218876361847
inception,UCRArchive_2018,MixedShapesSmallTrain,1.0,0.9058792742348828,0.9084536082474228,0.9062040168420088,276.620213508606
inception,UCRArchive_2018,LargeKitchenAppliances,1.0,0.9009393287602218,0.8959999999999999,0.8959999999999999,657.9811956882478
inception,UCRArchive_2018,DodgerLoopDay,1.0,0.021428571428571432,0.15,0.14285714285714285,140.98081398010254
inception,UCRArchive_2018,MiddlePhalanxOutlineCorrect,1.0,0.8147007469201668,0.8178694158075601,0.8126987951807231,386.95961952209467
inception,UCRArchive_2018,PhalangesOutlinesCorrect,1.0,0.8590462480434004,0.8519813519813519,0.8270649136469834,1124.3126254081726
inception,UCRArchive_2018,NonInvasiveFetalECGThorax1,1.0,0.9550750680907184,0.9562340966921121,0.9561039057618028,3310.739629030228
inception,UCRArchive_2018,PickupGestureWiimoteZ,1.0,0.8180952380952379,0.78,0.78,403.89151310920715
inception,UCRArchive_2018,WormsTwoClass,1.0,0.7931848852901484,0.7922077922077922,0.7992424242424243,353.2076938152313
inception,UCRArchive_2018,SemgHandGenderCh2,1.0,0.7896706862853561,0.8083333333333333,0.7877289377289377,838.3527960777283
inception,UCRArchive_2018,Mallat,1.0,0.9366043616965514,0.91727078891258,0.918226491196342,457.14222621917725
inception,UCRArchive_2018,PLAID,1.0,0.9290530590925474,0.9385474860335196,0.891947281766157,1635.9433932304382
inception,UCRArchive_2018,Trace,1.0,1.0,1.0,1.0,297.8282961845398
inception,UCRArchive_2018,DistalPhalanxTW,1.0,0.5314080704745666,0.6978417266187049,0.5457714799820063,582.750524520874
inception,UCRArchive_2018,Earthquakes,1.0,0.5930735930735931,0.7410071942446043,0.5236263736263737,448.10906744003296
inception,UCRArchive_2018,Yoga,1.0,0.8944668886715785,0.8933333333333333,0.8912104303185409,340.35387802124023
inception,UCRArchive_2018,MedicalImages,1.0,0.7951885262016439,0.7986842105263158,0.7661443395199893,592.8508594036102
inception,UCRArchive_2018,RefrigerationDevices,1.0,0.5294614021527088,0.5306666666666666,0.5306666666666666,651.3808124065398
inception,UCRArchive_2018,GestureMidAirD2,1.0,0.7146742146742148,0.6846153846153846,0.6846153846153845,254.84020614624023
inception,UCRArchive_2018,DistalPhalanxOutlineCorrect,1.0,0.7681884268682757,0.7681159420289855,0.7490683229813664,406.0284593105316
inception,UCRArchive_2018,GunPointOldVersusYoung,1.0,0.9616362608976428,0.961904761904762,0.9621212121212122,223.82854890823364
inception,UCRArchive_2018,PigArtPressure,1.0,0.9923076923076922,0.9903846153846154,0.9903846153846154,471.3970546722412
inception,UCRArchive_2018,EthanolLevel,1.0,0.8449680016515277,0.8340000000000001,0.8333653353814645,1918.9937353134155
inception,UCRArchive_2018,CricketX,1.0,0.8481613825586661,0.8410256410256409,0.8456867549220981,372.87638664245605
inception,UCRArchive_2018,EOGHorizontalSignal,1.0,0.649195585928042,0.5966850828729282,0.5980935607465084,1065.4287981987
inception,UCRArchive_2018,ProximalPhalanxOutlineCorrect,1.0,0.925137122184619,0.9243986254295532,0.8979681013764474,834.8889760971069
inception,UCRArchive_2018,Wafer,2.0,0.9939565775326882,0.9985399091499026,0.9985207153180278,659.5874111652373
inception,UCRArchive_2018,HandOutlines,2.0,0.9337027316029941,0.9351351351351352,0.9246216807842392,5670.0385818481445
inception,UCRArchive_2018,ShapesAll,2.0,0.9211232286232284,0.9083333333333332,0.9083333333333332,783.8043615818024
inception,UCRArchive_2018,FiftyWords,2.0,0.6958234584006697,0.8,0.6858087862945448,1089.0867311954496
inception,UCRArchive_2018,FaceFour,2.0,0.9666666666666668,0.9545454545454546,0.958041958041958,515.2905516624452
inception,UCRArchive_2018,ShakeGestureWiimoteZ,2.0,0.9355555555555556,0.9,0.9,405.8215236663818
inception,UCRArchive_2018,DodgerLoopGame,2.0,0.8329829724616356,0.8333333333333334,0.8333333333333334,379.68645215034485
inception,UCRArchive_2018,ScreenType,2.0,0.5913640104751215,0.584,0.584,587.0600147247313
inception,UCRArchive_2018,GestureMidAirD3,2.0,0.3358724608724609,0.3615384615384615,0.3615384615384615,259.5424768924713
inception,UCRArchive_2018,ItalyPowerDemand,2.0,0.9650521384313132,0.9650145772594751,0.9650029466430936,151.32960319519043
inception,UCRArchive_2018,ToeSegmentation1,2.0,0.9515582916506348,0.9517543859649122,0.9527777777777776,655.7112452983856
inception,UCRArchive_2018,FordA,2.0,0.9559284439944068,0.9560606060606059,0.956305626219382,4026.8766260147095
inception,UCRArchive_2018,AllGestureWiimoteZ,2.0,0.7810723617214781,0.7814285714285715,0.7814285714285714,421.6594729423523
inception,UCRArchive_2018,Coffee,2.0,1.0,1.0,1.0,619.6127424240112
inception,UCRArchive_2018,EOGVerticalSignal,2.0,0.4582073381597114,0.4668508287292818,0.4684464219503152,1050.2396500110626
inception,UCRArchive_2018,ProximalPhalanxTW,2.0,0.4964689188052474,0.7463414634146341,0.4797174840085288,552.1485455036163
inception,UCRArchive_2018,TwoLeadECG,2.0,0.9973776223776224,0.9973661106233538,0.9973684210526316,464.8665981292725
inception,UCRArchive_2018,SemgHandSubjectCh2,2.0,0.7565024087059504,0.7288888888888889,0.7288888888888889,1260.1669037342074
inception,UCRArchive_2018,NonInvasiveFetalECGThorax2,2.0,0.9588024447593412,0.961323155216285,0.9590424655550396,3215.701366186142
inception,UCRArchive_2018,SwedishLeaf,2.0,0.9760595071648236,0.976,0.976680469289165,800.4100434780121
inception,UCRArchive_2018,Chinatown,2.0,0.9747474747474748,0.9854227405247812,0.9899598393574296,590.1183817386627
inception,UCRArchive_2018,WordSynonyms,2.0,0.6805486489854016,0.7335423197492164,0.6081446589571656,273.68484592437744
inception,UCRArchive_2018,Strawberry,2.0,0.9736676721970842,0.9783783783783784,0.9798192004074358,672.1002349853517
inception,UCRArchive_2018,ECGFiveDays,2.0,1.0,1.0,1.0,461.0447859764099
inception,UCRArchive_2018,Crop,2.0,0.7484969453496438,0.75375,0.7537500000000001,7106.791588306427
inception,UCRArchive_2018,UWaveGestureLibraryZ,2.0,0.7486467969536978,0.7568397543271915,0.7584041577822104,807.7011313438416
inception,UCRArchive_2018,UWaveGestureLibraryX,2.0,0.8133716427652887,0.8165829145728644,0.8148439500572497,808.0838499069214
inception,UCRArchive_2018,Computers,2.0,0.796474358974359,0.7959999999999999,0.7959999999999999,399.61749744415283
inception,UCRArchive_2018,FreezerSmallTrain,2.0,0.8740883282372967,0.8740350877192983,0.8740350877192982,394.07930302619934
inception,UCRArchive_2018,DodgerLoopWeekend,2.0,0.9555263157894736,0.9710144927536232,0.97140522875817,378.30795049667364
inception,UCRArchive_2018,SmoothSubspace,2.0,0.9871794871794872,0.9866666666666668,0.9866666666666668,133.14968729019162
inception,UCRArchive_2018,Rock,2.0,0.855006105006105,0.86,0.876984126984127,460.457524061203
inception,UCRArchive_2018,SemgHandMovementCh2,2.0,0.545913991438753,0.4666666666666667,0.4666666666666666,1261.4650294780733
inception,UCRArchive_2018,ShapeletSim,2.0,0.952738790212396,0.95,0.95,544.3104002475739
inception,UCRArchive_2018,MoteStrain,2.0,0.8948381248381249,0.8937699680511182,0.8914166506194235,438.5979387760162
inception,UCRArchive_2018,CinCECGTorso,2.0,0.8304149950352252,0.8072463768115942,0.8079324605509632,211.38644337654114
inception,UCRArchive_2018,InlineSkate,2.0,0.5127876885019742,0.4945454545454546,0.5161421204259367,455.97519302368164
inception,UCRArchive_2018,SonyAIBORobotSurface2,2.0,0.9418327735256871,0.9475341028331584,0.9486511042773274,383.7026016712189
inception,UCRArchive_2018,InsectEPGSmallTrain,2.0,0.929512119385537,0.927710843373494,0.9278837288740164,397.0264072418213
inception,UCRArchive_2018,FreezerRegularTrain,2.0,0.9958246346555324,0.9957894736842106,0.9957894736842106,187.70956897735599
inception,UCRArchive_2018,ArrowHead,2.0,0.8367154945420149,0.8285714285714286,0.8419469510527756,534.5759592056273
inception,UCRArchive_2018,GunPointMaleVersusFemale,2.0,0.9966887417218544,0.9968354430379748,0.9969879518072288,144.3124294281006
inception,UCRArchive_2018,Haptics,2.0,0.5628936872094767,0.5551948051948052,0.553958104349672,408.7441630363464
inception,UCRArchive_2018,PigCVP,2.0,0.9560897435897436,0.9471153846153846,0.9471153846153846,494.05762934684753
inception,UCRArchive_2018,Worms,2.0,0.7746012759170654,0.7792207792207793,0.7422960372960373,404.4617056846618
inception,UCRArchive_2018,Beef,2.0,0.7916666666666667,0.7333333333333333,0.7333333333333334,576.4408559799193
inception,UCRArchive_2018,ToeSegmentation2,2.0,0.8783333333333334,0.9384615384615383,0.9461477987421384,561.2196509838103
inception,UCRArchive_2018,MiddlePhalanxOutlineAgeGroup,2.0,0.4669403393541325,0.525974025974026,0.4621988759919794,563.4278841018678
inception,UCRArchive_2018,Meat,2.0,0.9523809523809522,0.95,0.95,580.754921913147
inception,UCRArchive_2018,BirdChicken,2.0,0.9545454545454546,0.95,0.95,673.7469792366028
inception,UCRArchive_2018,OliveOil,2.0,0.8839285714285714,0.8,0.6916666666666667,638.6447906494142
inception,UCRArchive_2018,InsectEPGRegularTrain,2.0,1.0,1.0,1.0,461.82141613960266
inception,UCRArchive_2018,CricketZ,2.0,0.8424367450577127,0.8461538461538461,0.8409401985830538,394.0151960849762
inception,UCRArchive_2018,Lightning7,2.0,0.8130294542059248,0.8082191780821918,0.8237438835183195,138.11566519737244
inception,UCRArchive_2018,AllGestureWiimoteX,2.0,0.7636939669684203,0.7671428571428571,0.7671428571428571,411.60739636421204
inception,UCRArchive_2018,UWaveGestureLibraryAll,2.0,0.9441704942290012,0.9436069235064208,0.9437454794829822,1944.4159379005432
inception,UCRArchive_2018,Fish,2.0,0.9832068092937656,0.9828571428571428,0.983169129720854,239.53388810157776
inception,UCRArchive_2018,SmallKitchenAppliances,2.0,0.7469346304830177,0.7466666666666667,0.7466666666666667,576.7667329311372
inception,UCRArchive_2018,ACSF1,2.0,0.9200577200577199,0.92,0.92,348.1997482776642
inception,UCRArchive_2018,ChlorineConcentration,2.0,0.8813237566701494,0.8807291666666667,0.8448736602095472,923.7435216903688
inception,UCRArchive_2018,Ham,2.0,0.6972222222222222,0.6952380952380952,0.6933551198257081,437.3177452087402
inception,UCRArchive_2018,SyntheticControl,2.0,0.9967320261437908,0.9966666666666668,0.9966666666666668,203.7956163883209
inception,UCRArchive_2018,MiddlePhalanxTW,2.0,0.36276851388413256,0.5064935064935064,0.3743559821820692,518.9467589855194
inception,UCRArchive_2018,InsectWingbeatSound,2.0,0.6294268247449255,0.6328282828282829,0.6328282828282827,607.2912998199462
inception,UCRArchive_2018,Car,2.0,0.9069264069264068,0.9,0.8967611336032388,700.7593414783478
inception,UCRArchive_2018,MelbournePedestrian,2.0,0.9105450284402408,0.90979909799098,0.9095900924472352,1221.6592800617218
inception,UCRArchive_2018,Plane,2.0,1.0,1.0,1.0,203.85502791404724
inception,UCRArchive_2018,PigAirwayPressure,2.0,0.5893315018315018,0.5144230769230769,0.5144230769230769,520.821394443512
inception,UCRArchive_2018,ECG5000,2.0,0.7098478491802844,0.9411111111111112,0.5993618317429971,862.3360223770143
inception,UCRArchive_2018,AllGestureWiimoteY,2.0,0.7997520669505638,0.7985714285714286,0.7985714285714286,414.6517822742462
inception,UCRArchive_2018,MixedShapesRegularTrain,2.0,0.96107697545362,0.9608247422680412,0.9613466817170868,1231.3830425739286
inception,UCRArchive_2018,ProximalPhalanxOutlineAgeGroup,2.0,0.7239873652917131,0.824390243902439,0.7556238859180034,549.0430128574371
inception,UCRArchive_2018,ECG200,2.0,0.9097693351424694,0.91,0.8932291666666667,126.01875233650208
inception,UCRArchive_2018,Adiac,2.0,0.8253449782861547,0.8184143222506394,0.8258328383328383,708.5484640598297
inception,UCRArchive_2018,FaceAll,2.0,0.8889713641507505,0.7781065088757396,0.893099098699808,951.760265827179
inception,UCRArchive_2018,FacesUCR,2.0,0.9632476983975746,0.9634146341463414,0.9469623480130942,407.6678159236908
inception,UCRArchive_2018,UWaveGestureLibraryY,2.0,0.7445386465328879,0.7481853713009492,0.7486888748499678,855.2103018760681
inception,UCRArchive_2018,Symbols,2.0,0.973593152537697,0.9728643216080402,0.9728461057415676,569.7159876823425
inception,UCRArchive_2018,CricketY,2.0,0.8462303284578239,0.8435897435897436,0.8445296883967505,490.74746561050415
inception,UCRArchive_2018,Lightning2,2.0,0.8038461538461539,0.8032786885245902,0.7992424242424243,490.8742184638977
inception,UCRArchive_2018,BME,2.0,0.9934640522875816,0.9933333333333332,0.9933333333333332,385.41207551956177
inception,UCRArchive_2018,Herring,2.0,0.6602339181286551,0.671875,0.638663967611336,661.9132688045503
inception,UCRArchive_2018,GunPointAgeSpan,2.0,0.9842316169104388,0.9841772151898734,0.9841346153846152,224.66143679618838
inception,UCRArchive_2018,TwoPatterns,2.0,1.0,1.0,1.0,612.7240304946898
inception,UCRArchive_2018,DistalPhalanxOutlineAgeGroup,2.0,0.7286226318484382,0.7553956834532374,0.7836303056642041,559.0716564655304
inception,UCRArchive_2018,OSULeaf,2.0,0.9215277777777778,0.9214876033057852,0.8941558441558441,820.4468641281128
inception,UCRArchive_2018,GunPoint,2.0,1.0,1.0,1.0,390.16406726837164
inception,UCRArchive_2018,Phoneme,2.0,0.2130097757572986,0.32331223628691985,0.20536603321483934,541.3485543727875
inception,UCRArchive_2018,DiatomSizeReduction,2.0,0.9482758620689656,0.9215686274509804,0.8919245647969052,476.7363398075104
inception,UCRArchive_2018,PowerCons,2.0,0.950500556173526,0.95,0.95,155.99745559692386
inception,UCRArchive_2018,UMD,2.0,0.97916063588556,0.9791666666666666,0.9791666666666666,386.335257768631
inception,UCRArchive_2018,CBF,2.0,0.9988998899889988,0.9988888888888888,0.9988888888888888,393.6113336086273
inception,UCRArchive_2018,GesturePebbleZ1,2.0,0.9331218374446552,0.9244186046511628,0.92327187100894,209.0669367313385
inception,UCRArchive_2018,SonyAIBORobotSurface1,2.0,0.8685714285714285,0.8469217970049917,0.8658892128279884,384.0966143608093
inception,UCRArchive_2018,HouseTwenty,2.0,0.9859154929577464,0.9831932773109244,0.98,489.5051894187927
inception,UCRArchive_2018,BeetleFly,2.0,0.8571428571428572,0.8,0.8,527.3625731468202
inception,UCRArchive_2018,ElectricDevices,2.0,0.6887984578453503,0.7063934638827649,0.6219477487131936,5254.060556411743
inception,UCRArchive_2018,Fungi,2.0,1.0,1.0,1.0,388.9160785675049
inception,UCRArchive_2018,FordB,2.0,0.8383871046466225,0.8382716049382716,0.8381704662549005,4048.270025968552
inception,UCRArchive_2018,StarLightCurves,2.0,0.9695124165685121,0.976202039825158,0.9606119504673444,1912.821669101715
inception,UCRArchive_2018,Wine,2.0,0.6666666666666667,0.6481481481481481,0.6481481481481481,504.9948816299439
inception,UCRArchive_2018,GestureMidAirD1,2.0,0.735699023199023,0.7076923076923077,0.7076923076923077,266.3325295448303
inception,UCRArchive_2018,GesturePebbleZ2,2.0,0.8456161378922135,0.8481012658227848,0.8383910533910534,204.9561550617218
inception,UCRArchive_2018,MixedShapesSmallTrain,2.0,0.9073106148787616,0.9125773195876288,0.9137266329836102,231.28371930122373
inception,UCRArchive_2018,LargeKitchenAppliances,2.0,0.908399701585087,0.904,0.904,577.6755616664886
inception,UCRArchive_2018,DodgerLoopDay,2.0,0.021428571428571432,0.15,0.14285714285714285,181.88723158836362
inception,UCRArchive_2018,MiddlePhalanxOutlineCorrect,2.0,0.8197760094311819,0.8213058419243986,0.8137349397590361,835.3913102149962
inception,UCRArchive_2018,PhalangesOutlinesCorrect,2.0,0.8190479894221048,0.8240093240093241,0.8053621329424161,1065.0367686748502
inception,UCRArchive_2018,NonInvasiveFetalECGThorax1,2.0,0.9558601482620344,0.957760814249364,0.9567083385806316,2769.12042593956
inception,UCRArchive_2018,PickupGestureWiimoteZ,2.0,0.7496428571428572,0.72,0.72,438.42476677894587
inception,UCRArchive_2018,WormsTwoClass,2.0,0.7672064777327935,0.7662337662337663,0.7727272727272727,420.4293575286865
inception,UCRArchive_2018,SemgHandGenderCh2,2.0,0.7887500000000001,0.8066666666666666,0.7820512820512819,1028.5306875705721
inception,UCRArchive_2018,Mallat,2.0,0.963489402064566,0.959914712153518,0.9601553807468506,484.37242603302
inception,UCRArchive_2018,PLAID,2.0,0.9469491843882952,0.9459962756052142,0.8975611476341062,1610.9200155735016
inception,UCRArchive_2018,Trace,2.0,1.0,1.0,1.0,328.097439289093
inception,UCRArchive_2018,DistalPhalanxTW,2.0,0.5420106686064133,0.6546762589928058,0.4956046633678213,553.7761747837067
inception,UCRArchive_2018,Earthquakes,2.0,0.6277777777777778,0.7482014388489209,0.5189560439560439,458.6759564876557
inception,UCRArchive_2018,Yoga,2.0,0.8883116883116884,0.887,0.8846774096279245,359.5691819190979
inception,UCRArchive_2018,MedicalImages,2.0,0.7887002604437077,0.7671052631578947,0.7275898142949645,528.6240193843842
inception,UCRArchive_2018,RefrigerationDevices,2.0,0.4941126260570705,0.5013333333333333,0.5013333333333333,655.367555141449
inception,UCRArchive_2018,GestureMidAirD2,2.0,0.7169330669330669,0.6923076923076923,0.6923076923076923,266.5623450279236
inception,UCRArchive_2018,DistalPhalanxOutlineCorrect,2.0,0.7854635047736371,0.7753623188405797,0.7503105590062111,722.9819014072418
inception,UCRArchive_2018,GunPointOldVersusYoung,2.0,0.971248586658052,0.9714285714285714,0.9715151515151516,138.12600445747378
inception,UCRArchive_2018,PigArtPressure,2.0,0.9923076923076922,0.9903846153846154,0.9903846153846154,431.23714923858637
inception,UCRArchive_2018,EthanolLevel,2.0,0.820239809623025,0.802,0.8015552995391706,2077.0601909160614
inception,UCRArchive_2018,CricketX,2.0,0.8544319245037634,0.8435897435897436,0.8506938680095399,507.99276661872864
inception,UCRArchive_2018,EOGHorizontalSignal,2.0,0.6410418507464238,0.5856353591160219,0.5873532319861575,883.5142705440521
inception,UCRArchive_2018,ProximalPhalanxOutlineCorrect,2.0,0.8924093148231079,0.9037800687285223,0.8828927244920253,722.6430468559265
inception,UCRArchive_2018,Wafer,3.0,0.9933234421364984,0.9985399091499026,0.9991816693944352,627.4883735179901
inception,UCRArchive_2018,HandOutlines,3.0,0.932921769723522,0.9297297297297298,0.9138034960819772,5602.506215810777
inception,UCRArchive_2018,ShapesAll,3.0,0.9327203814703816,0.9233333333333332,0.9233333333333336,791.1208941936493
inception,UCRArchive_2018,FiftyWords,3.0,0.7210339361220273,0.7978021978021979,0.6625627520913899,1261.7208979129794
inception,UCRArchive_2018,FaceFour,3.0,0.9666666666666668,0.9545454545454546,0.958041958041958,490.8206827640533
inception,UCRArchive_2018,ShakeGestureWiimoteZ,3.0,0.9355555555555556,0.9,0.9,403.15792894363403
inception,UCRArchive_2018,DodgerLoopGame,3.0,0.8699324324324325,0.8695652173913043,0.8686868686868687,386.26419353485113
inception,UCRArchive_2018,ScreenType,3.0,0.5767701998581898,0.5706666666666667,0.5706666666666667,639.3547947406769
inception,UCRArchive_2018,GestureMidAirD3,3.0,0.3991147741147741,0.3692307692307693,0.3692307692307692,268.01781702041626
inception,UCRArchive_2018,ItalyPowerDemand,3.0,0.9624253308128544,0.9620991253644317,0.9620619701709052,148.2230818271637
inception,UCRArchive_2018,ToeSegmentation1,3.0,0.9649122807017544,0.9649122807017544,0.9662037037037036,644.5683023929596
inception,UCRArchive_2018,FordA,3.0,0.9582020376477938,0.9583333333333334,0.9584600111683316,4413.772962093353
inception,UCRArchive_2018,AllGestureWiimoteZ,3.0,0.8075557456476418,0.8042857142857143,0.8042857142857143,434.2308781147003
inception,UCRArchive_2018,Coffee,3.0,1.0,1.0,1.0,618.2968657016753
inception,UCRArchive_2018,EOGVerticalSignal,3.0,0.4386219540391307,0.4668508287292818,0.46799839327647996,883.9084310531616
inception,UCRArchive_2018,ProximalPhalanxTW,3.0,0.5688095448501068,0.775609756097561,0.5381130063965884,558.3102653026582
inception,UCRArchive_2018,TwoLeadECG,3.0,0.9965095986038396,0.9964881474978052,0.9964912280701754,593.0245270729065
inception,UCRArchive_2018,SemgHandSubjectCh2,3.0,0.8134427051112381,0.7911111111111111,0.7911111111111111,1543.4600474834442
inception,UCRArchive_2018,NonInvasiveFetalECGThorax2,3.0,0.9556066479292966,0.957760814249364,0.9546053981572102,3202.851575613022
inception,UCRArchive_2018,SwedishLeaf,3.0,0.9612466961133876,0.96,0.961033486903052,791.8734900951385
inception,UCRArchive_2018,Chinatown,3.0,0.9747474747474748,0.9854227405247812,0.9899598393574296,581.866516828537
inception,UCRArchive_2018,WordSynonyms,3.0,0.7071354364811044,0.7413793103448276,0.6091187124827298,273.56219792366034
inception,UCRArchive_2018,Strawberry,3.0,0.9759562670342408,0.9810810810810808,0.9836070791953144,488.8172335624695
inception,UCRArchive_2018,ECGFiveDays,3.0,1.0,1.0,1.0,492.517849445343
inception,UCRArchive_2018,Crop,3.0,0.7440293361255028,0.7504761904761905,0.7504761904761904,6906.4048578739175
inception,UCRArchive_2018,UWaveGestureLibraryZ,3.0,0.7443684602475928,0.7526521496370743,0.7542326064685345,820.4825036525726
inception,UCRArchive_2018,UWaveGestureLibraryX,3.0,0.8128432636873577,0.8165829145728644,0.8148279498700124,770.9536664485931
inception,UCRArchive_2018,Computers,3.0,0.7686188979408557,0.768,0.768,448.2673325538635
inception,UCRArchive_2018,FreezerSmallTrain,3.0,0.8745748548606351,0.8743859649122807,0.8743859649122807,386.8925049304962
inception,UCRArchive_2018,DodgerLoopWeekend,3.0,0.9555263157894736,0.9710144927536232,0.97140522875817,389.5118658542633
inception,UCRArchive_2018,SmoothSubspace,3.0,0.9803767660910516,0.98,0.98,134.5991039276123
inception,UCRArchive_2018,Rock,3.0,0.7524420024420024,0.78,0.7638888888888888,481.4499888420105
inception,UCRArchive_2018,SemgHandMovementCh2,3.0,0.4927939502166649,0.4355555555555555,0.4355555555555555,1520.0784902572632
inception,UCRArchive_2018,ShapeletSim,3.0,0.9625386996904024,0.9611111111111112,0.9611111111111112,523.9469215869904
inception,UCRArchive_2018,MoteStrain,3.0,0.8887032366540564,0.8841853035143771,0.8798857436292444,564.6167223453523
inception,UCRArchive_2018,CinCECGTorso,3.0,0.8557545686815471,0.8427536231884057,0.8430527368406227,321.04223608970636
inception,UCRArchive_2018,InlineSkate,3.0,0.5207578627821412,0.4945454545454546,0.5168030912210078,389.40486550331116
inception,UCRArchive_2018,SonyAIBORobotSurface2,3.0,0.9490906012009374,0.9548793284365162,0.9572010996179294,391.9672963619232
inception,UCRArchive_2018,InsectEPGSmallTrain,3.0,0.9540299955882025,0.9477911646586346,0.9480401314337707,405.585054397583
inception,UCRArchive_2018,FreezerRegularTrain,3.0,0.9958138904963004,0.9957894736842106,0.9957894736842106,184.28979730606082
inception,UCRArchive_2018,ArrowHead,3.0,0.8864109426107641,0.8857142857142857,0.8960896910035548,665.7103455066681
inception,UCRArchive_2018,GunPointMaleVersusFemale,3.0,0.9966887417218544,0.9968354430379748,0.9969879518072288,139.2807230949402
inception,UCRArchive_2018,Haptics,3.0,0.5372792498947845,0.525974025974026,0.5252260904710812,365.4543833732605
inception,UCRArchive_2018,PigCVP,3.0,0.9634615384615384,0.9519230769230768,0.9519230769230768,423.781298160553
inception,UCRArchive_2018,Worms,3.0,0.7525101214574901,0.7792207792207793,0.7283566433566434,448.5610611438751
inception,UCRArchive_2018,Beef,3.0,0.7333333333333334,0.6666666666666666,0.6666666666666667,553.4353923797606
inception,UCRArchive_2018,ToeSegmentation2,3.0,0.8830532212885154,0.9384615384615383,0.9300314465408804,547.8667259216309
inception,UCRArchive_2018,MiddlePhalanxOutlineAgeGroup,3.0,0.4643757941248981,0.5194805194805194,0.4740743878674914,551.320912361145
inception,UCRArchive_2018,Meat,3.0,0.9389778794813118,0.9333333333333332,0.9333333333333332,418.32183718681335
inception,UCRArchive_2018,BirdChicken,3.0,0.9,0.9,0.9,530.8969876766205
inception,UCRArchive_2018,OliveOil,3.0,0.8698717948717949,0.8333333333333334,0.7638888888888888,543.5937874317168
inception,UCRArchive_2018,InsectEPGRegularTrain,3.0,1.0,1.0,1.0,441.34191417694086
inception,UCRArchive_2018,CricketZ,3.0,0.8541454503528807,0.8589743589743589,0.8522557399534088,373.58324694633484
inception,UCRArchive_2018,Lightning7,3.0,0.7949494949494951,0.7945205479452054,0.8229920038190716,126.41834425926208
inception,UCRArchive_2018,AllGestureWiimoteX,3.0,0.7839320186542709,0.7857142857142857,0.7857142857142857,450.9236900806427
inception,UCRArchive_2018,UWaveGestureLibraryAll,3.0,0.9430895527879094,0.9427694025683976,0.9429895165046588,1696.7725467681885
inception,UCRArchive_2018,Fish,3.0,0.9675510204081632,0.9657142857142856,0.967188599577762,225.89542484283447
inception,UCRArchive_2018,SmallKitchenAppliances,3.0,0.7732157798366752,0.7653333333333333,0.7653333333333334,648.4180178642272
inception,UCRArchive_2018,ACSF1,3.0,0.9407070707070708,0.94,0.94,299.3278131484985
inception,UCRArchive_2018,ChlorineConcentration,3.0,0.874981800662988,0.8822916666666667,0.8550278615462569,921.224676132202
inception,UCRArchive_2018,Ham,3.0,0.7166666666666666,0.7142857142857143,0.7124183006535948,477.89546966552734
inception,UCRArchive_2018,SyntheticControl,3.0,0.9967320261437908,0.9966666666666668,0.9966666666666668,203.13104152679443
inception,UCRArchive_2018,MiddlePhalanxTW,3.0,0.366301924196661,0.4805194805194805,0.36217213543300497,587.7806680202484
inception,UCRArchive_2018,InsectWingbeatSound,3.0,0.6182069215514429,0.6247474747474747,0.6247474747474747,610.4859988689423
inception,UCRArchive_2018,Car,3.0,0.8838217703349283,0.8833333333333333,0.8836032388663968,682.9937314987183
inception,UCRArchive_2018,MelbournePedestrian,3.0,0.9068757016401812,0.90569905699057,0.90548927263213,1246.3459949493408
inception,UCRArchive_2018,Plane,3.0,1.0,1.0,1.0,229.2352924346924
inception,UCRArchive_2018,PigAirwayPressure,3.0,0.5792735042735042,0.5288461538461539,0.5288461538461539,500.0629768371582
inception,UCRArchive_2018,ECG5000,3.0,0.6777617964281422,0.9375555555555556,0.5635003294892176,756.2843451499939
inception,UCRArchive_2018,AllGestureWiimoteY,3.0,0.8009200163036139,0.7985714285714286,0.7985714285714287,377.96477031707764
inception,UCRArchive_2018,MixedShapesRegularTrain,3.0,0.9678404301827884,0.9670103092783504,0.9665212462507392,980.1557137966156
inception,UCRArchive_2018,ProximalPhalanxOutlineAgeGroup,3.0,0.7826356013490515,0.8585365853658536,0.7975044563279857,569.1198787689209
inception,UCRArchive_2018,ECG200,3.0,0.9246323529411764,0.92,0.9010416666666669,221.4725148677826
inception,UCRArchive_2018,Adiac,3.0,0.8247750515552372,0.7953964194373402,0.8007828132828132,307.8012917041778
inception,UCRArchive_2018,FaceAll,3.0,0.8984589110922452,0.8224852071005917,0.9154263280119505,383.4132604598999
inception,UCRArchive_2018,FacesUCR,3.0,0.9567788838231732,0.9585365853658536,0.9421055075081514,177.26320242881775
inception,UCRArchive_2018,UWaveGestureLibraryY,3.0,0.7539633737565322,0.7568397543271915,0.7575013949363354,782.2148535251617
inception,UCRArchive_2018,Symbols,3.0,0.9813952238977138,0.9809045226130654,0.9809176391692755,599.1166133880615
inception,UCRArchive_2018,CricketY,3.0,0.823495627924958,0.823076923076923,0.8255115704054066,374.35703778266907
inception,UCRArchive_2018,Lightning2,3.0,0.7527233115468409,0.7540983606557377,0.7510822510822509,433.86954712867737
inception,UCRArchive_2018,BME,3.0,0.9934640522875816,0.9933333333333332,0.9933333333333332,389.2750606536865
inception,UCRArchive_2018,Herring,3.0,0.7099567099567099,0.71875,0.6963562753036436,418.588609457016
inception,UCRArchive_2018,GunPointAgeSpan,3.0,0.9905630134241634,0.9905063291139241,0.9904647435897436,139.97236919403076
inception,UCRArchive_2018,TwoPatterns,3.0,1.0,1.0,1.0,613.6450357437134
inception,UCRArchive_2018,DistalPhalanxOutlineAgeGroup,3.0,0.7071428571428572,0.7266187050359713,0.7584238736781109,279.91234683990484
inception,UCRArchive_2018,OSULeaf,3.0,0.9329307509740548,0.9338842975206612,0.9273574251835122,805.5290117263794
inception,UCRArchive_2018,GunPoint,3.0,1.0,1.0,1.0,394.90967273712164
inception,UCRArchive_2018,Phoneme,3.0,0.2538256922979911,0.3306962025316456,0.21394947854696708,463.4923949241638
inception,UCRArchive_2018,DiatomSizeReduction,3.0,0.9539642600390263,0.937908496732026,0.9052224371373307,476.8973920345306
inception,UCRArchive_2018,PowerCons,3.0,0.9402476780185758,0.9388888888888888,0.9388888888888888,159.11646580696106
inception,UCRArchive_2018,UMD,3.0,0.9861111111111109,0.9861111111111112,0.9861111111111109,385.22546124458313
inception,UCRArchive_2018,CBF,3.0,0.9977850627872152,0.9977777777777778,0.9977777777777778,477.2730350494385
inception,UCRArchive_2018,GesturePebbleZ1,3.0,0.9261773930002108,0.9186046511627908,0.9170990315027672,202.40258049964905
inception,UCRArchive_2018,SonyAIBORobotSurface1,3.0,0.8875489209437549,0.8768718801996672,0.8916480213347797,568.9153730869292
inception,UCRArchive_2018,HouseTwenty,3.0,0.968456572769953,0.9663865546218487,0.9627536231884056,663.9749925136566
inception,UCRArchive_2018,BeetleFly,3.0,0.8571428571428572,0.8,0.8,514.114720582962
inception,UCRArchive_2018,ElectricDevices,3.0,0.6775511872739264,0.7131370769031254,0.6245099432448946,5057.038098812103
inception,UCRArchive_2018,Fungi,3.0,1.0,1.0,1.0,381.6585001945496
inception,UCRArchive_2018,FordB,3.0,0.8544151288699101,0.8543209876543209,0.8542336091312062,4432.34880065918
inception,UCRArchive_2018,StarLightCurves,3.0,0.9735924041827424,0.9771733851384168,0.9589674898717636,2209.3322315216064
inception,UCRArchive_2018,Wine,3.0,0.6753246753246753,0.6666666666666666,0.6666666666666667,565.4767808914186
inception,UCRArchive_2018,GestureMidAirD1,3.0,0.7547924297924299,0.7307692307692307,0.7307692307692307,248.07502675056458
inception,UCRArchive_2018,GesturePebbleZ2,3.0,0.9003114072947578,0.8987341772151899,0.8916017316017316,212.9967246055603
inception,UCRArchive_2018,MixedShapesSmallTrain,3.0,0.9159757375833883,0.9162886597938144,0.9112580597084357,255.1153781414032
inception,UCRArchive_2018,LargeKitchenAppliances,3.0,0.9099594032689484,0.904,0.904,660.9365088939668
inception,UCRArchive_2018,DodgerLoopDay,3.0,0.021428571428571432,0.15,0.14285714285714285,188.44020342826843
inception,UCRArchive_2018,MiddlePhalanxOutlineCorrect,3.0,0.824024599253957,0.8213058419243986,0.8097831325301205,815.9790596961975
inception,UCRArchive_2018,PhalangesOutlinesCorrect,3.0,0.8361163143341361,0.8403263403263403,0.8236692015209126,1066.6246824264526
inception,UCRArchive_2018,NonInvasiveFetalECGThorax1,3.0,0.9499976828475092,0.9516539440203562,0.9505686108112332,2772.25176525116
inception,UCRArchive_2018,PickupGestureWiimoteZ,3.0,0.7804761904761905,0.76,0.76,578.2167828083037
inception,UCRArchive_2018,WormsTwoClass,3.0,0.7672064777327935,0.7662337662337663,0.7727272727272727,352.02389883995056
inception,UCRArchive_2018,SemgHandGenderCh2,3.0,0.7829835783488572,0.8016666666666666,0.777106227106227,840.9917843341827
inception,UCRArchive_2018,Mallat,3.0,0.9426084410455136,0.9347547974413646,0.9353643079706008,470.3308882713318
inception,UCRArchive_2018,PLAID,3.0,0.9269772278090226,0.9422718808193667,0.8963356503683517,1661.4005615711212
inception,UCRArchive_2018,Trace,3.0,1.0,1.0,1.0,327.8568034172058
inception,UCRArchive_2018,DistalPhalanxTW,3.0,0.5523420479302832,0.6690647482014388,0.5171971060128956,560.5953965187073
inception,UCRArchive_2018,Earthquakes,3.0,0.6100852272727273,0.7410071942446043,0.5425824175824175,439.7367625236511
inception,UCRArchive_2018,Yoga,3.0,0.884571697415734,0.8846666666666667,0.8834076150152488,340.99174666404724
inception,UCRArchive_2018,MedicalImages,3.0,0.7851224082166549,0.7802631578947369,0.7720302381928589,607.5787515640259
inception,UCRArchive_2018,RefrigerationDevices,3.0,0.5137881762545095,0.5146666666666667,0.5146666666666666,653.6156461238861
inception,UCRArchive_2018,GestureMidAirD2,3.0,0.7839133089133091,0.7307692307692307,0.7307692307692307,265.84766030311584
inception,UCRArchive_2018,DistalPhalanxOutlineCorrect,3.0,0.7646457970317851,0.7608695652173914,0.7378881987577639,800.3964581489563
inception,UCRArchive_2018,GunPointOldVersusYoung,3.0,0.9587814344626828,0.9587301587301588,0.9584848484848484,138.40730285644528
inception,UCRArchive_2018,PigArtPressure,3.0,0.996153846153846,0.9951923076923076,0.9951923076923076,473.9001958370209
inception,UCRArchive_2018,EthanolLevel,3.0,0.8049113465357749,0.7959999999999999,0.7956669226830517,1947.637894153595
inception,UCRArchive_2018,CricketX,3.0,0.8649287974198007,0.8641025641025641,0.867396020250908,374.43945336341864
inception,UCRArchive_2018,EOGHorizontalSignal,3.0,0.6339415746841329,0.574585635359116,0.5761339760227412,1049.1990270614624
inception,UCRArchive_2018,ProximalPhalanxOutlineCorrect,3.0,0.9166472167114016,0.9175257731958762,0.8900207559536815,799.5497646331787
inception,UCRArchive_2018,Wafer,4.0,0.9946928796791364,0.99870214146658,0.9986116409408684,646.6478226184845
inception,UCRArchive_2018,HandOutlines,4.0,0.9597241286953028,0.9513513513513514,0.93563021477745,4786.607659101486
inception,UCRArchive_2018,ShapesAll,4.0,0.937501178015884,0.93,0.93,869.4861106872559
inception,UCRArchive_2018,FiftyWords,4.0,0.7189895566166914,0.8021978021978022,0.6886478224218162,1081.1713743209841
inception,UCRArchive_2018,FaceFour,4.0,0.9666666666666668,0.9545454545454546,0.958041958041958,492.2600467205048
inception,UCRArchive_2018,ShakeGestureWiimoteZ,4.0,0.9091666666666668,0.88,0.8800000000000001,591.7539813518523
inception,UCRArchive_2018,DodgerLoopGame,4.0,0.8548319327731093,0.855072463768116,0.8554292929292929,394.67779445648193
inception,UCRArchive_2018,ScreenType,4.0,0.5902316743900903,0.5866666666666667,0.5866666666666667,613.1406292915343
inception,UCRArchive_2018,GestureMidAirD3,4.0,0.37916666666666665,0.3769230769230769,0.3769230769230769,335.04625725746155
inception,UCRArchive_2018,ItalyPowerDemand,4.0,0.969977856543656,0.9698736637512148,0.9698535745047372,182.78192830085754
inception,UCRArchive_2018,ToeSegmentation1,4.0,0.9645608628659476,0.9649122807017544,0.9652777777777778,539.1582596302031
inception,UCRArchive_2018,FordA,4.0,0.9597886029411764,0.9598484848484848,0.9598319235038228,4058.778470277786
inception,UCRArchive_2018,AllGestureWiimoteZ,4.0,0.8007510877229187,0.8,0.8000000000000002,380.8926086425781
inception,UCRArchive_2018,Coffee,4.0,1.0,1.0,1.0,499.8100483417511
inception,UCRArchive_2018,EOGVerticalSignal,4.0,0.4729939691146588,0.4723756906077348,0.4743604004449389,883.093939781189
inception,UCRArchive_2018,ProximalPhalanxTW,4.0,0.5841133706650948,0.8146341463414634,0.5566098081023455,566.8224155902863
inception,UCRArchive_2018,TwoLeadECG,4.0,0.995644599303136,0.9956101843722563,0.9956140350877192,439.8371422290802
inception,UCRArchive_2018,SemgHandSubjectCh2,4.0,0.8155518565017923,0.8111111111111111,0.8111111111111111,1540.6632318496704
inception,UCRArchive_2018,NonInvasiveFetalECGThorax2,4.0,0.95242711928984,0.9541984732824428,0.9515057126147579,2770.898065328598
inception,UCRArchive_2018,SwedishLeaf,4.0,0.9687886823322808,0.968,0.9682731037078864,786.5380065441133
inception,UCRArchive_2018,Chinatown,4.0,0.96078431372549,0.97667638483965,0.9839357429718876,582.3285377025603
inception,UCRArchive_2018,WordSynonyms,4.0,0.6268039851723519,0.719435736677116,0.581039230507817,272.7446575164795
inception,UCRArchive_2018,Strawberry,4.0,0.9866873260814572,0.9891891891891892,0.989909600203718,489.2837209701538
inception,UCRArchive_2018,ECGFiveDays,4.0,1.0,1.0,1.0,444.53028416633606
inception,UCRArchive_2018,Crop,4.0,0.7425009182803822,0.7496428571428572,0.7496428571428572,4212.077112674713
inception,UCRArchive_2018,UWaveGestureLibraryZ,4.0,0.7399400654470543,0.7473478503629257,0.7491617499475782,819.6180176734924
inception,UCRArchive_2018,UWaveGestureLibraryX,4.0,0.8126010802595457,0.8157453936348409,0.8140550449364248,774.6170086860657
inception,UCRArchive_2018,Computers,4.0,0.772156762295082,0.772,0.772,452.9920792579651
inception,UCRArchive_2018,FreezerSmallTrain,4.0,0.8589586818618107,0.8589473684210527,0.8589473684210527,592.420539855957
inception,UCRArchive_2018,DodgerLoopWeekend,4.0,0.95,0.9710144927536232,0.9803921568627452,388.5785040855408
inception,UCRArchive_2018,SmoothSubspace,4.0,0.9802614379084968,0.98,0.98,136.84753346443176
inception,UCRArchive_2018,Rock,4.0,0.7248445998445998,0.76,0.7222222222222222,482.9108064174652
inception,UCRArchive_2018,SemgHandMovementCh2,4.0,0.5229392926761348,0.3555555555555556,0.3555555555555556,1262.6398282051084
inception,UCRArchive_2018,ShapeletSim,4.0,0.9326923076923076,0.9222222222222224,0.9222222222222224,387.6427488327026
inception,UCRArchive_2018,MoteStrain,4.0,0.8903162914465623,0.8849840255591054,0.8803748635984338,384.1563856601715
inception,UCRArchive_2018,CinCECGTorso,4.0,0.8462887006302903,0.8311594202898551,0.8319025677177267,467.3680210113525
inception,UCRArchive_2018,InlineSkate,4.0,0.5006475645785998,0.48,0.4925725261090785,390.12507224082947
inception,UCRArchive_2018,SonyAIBORobotSurface2,4.0,0.9377565915518656,0.9443861490031479,0.9471391296244523,375.6093993186951
inception,UCRArchive_2018,InsectEPGSmallTrain,4.0,0.946439393939394,0.9437751004016064,0.9461357322717064,390.9055061340332
inception,UCRArchive_2018,FreezerRegularTrain,4.0,0.9975558659217876,0.9975438596491228,0.9975438596491228,178.47123098373413
inception,UCRArchive_2018,ArrowHead,4.0,0.8328851586266841,0.8285714285714286,0.8434053413544801,509.155957698822
inception,UCRArchive_2018,GunPointMaleVersusFemale,4.0,0.9934210526315791,0.9936708860759492,0.9939759036144578,148.38324546813962
inception,UCRArchive_2018,Haptics,4.0,0.5435728672823659,0.5389610389610391,0.5369485582752515,370.4089024066925
inception,UCRArchive_2018,PigCVP,4.0,0.9647435897435896,0.9567307692307692,0.9567307692307692,488.5526316165924
inception,UCRArchive_2018,Worms,4.0,0.7081629481629482,0.7402597402597403,0.6912354312354313,405.41087460517883
inception,UCRArchive_2018,Beef,4.0,0.7466666666666667,0.6333333333333333,0.6333333333333333,542.483784198761
inception,UCRArchive_2018,ToeSegmentation2,4.0,0.8916012290884261,0.946153846153846,0.9508647798742138,387.3246068954468
inception,UCRArchive_2018,MiddlePhalanxOutlineAgeGroup,4.0,0.44171304885590595,0.4935064935064935,0.4512164986302917,568.0143141746521
inception,UCRArchive_2018,Meat,4.0,0.9386724386724388,0.9333333333333332,0.9333333333333332,614.5535821914673
inception,UCRArchive_2018,BirdChicken,4.0,0.9545454545454546,0.95,0.95,522.5143487453462
inception,UCRArchive_2018,OliveOil,4.0,0.8878787878787879,0.8,0.6916666666666667,353.7792913913727
inception,UCRArchive_2018,InsectEPGRegularTrain,4.0,0.9944444444444444,0.9919678714859438,0.988318173711432,442.8285801410675
inception,UCRArchive_2018,CricketZ,4.0,0.8472821399031076,0.8538461538461538,0.8470353448603222,407.3917915821075
inception,UCRArchive_2018,Lightning7,4.0,0.7927201453517243,0.7671232876712328,0.7727234753550543,128.72126317024228
inception,UCRArchive_2018,AllGestureWiimoteX,4.0,0.7663805455111544,0.7671428571428571,0.7671428571428571,376.5583324432373
inception,UCRArchive_2018,UWaveGestureLibraryAll,4.0,0.9504686760419668,0.9500279173646008,0.9502048642590706,1654.281730413437
inception,UCRArchive_2018,Fish,4.0,0.9771062271062272,0.9771428571428572,0.979093361482524,244.36570000648499
inception,UCRArchive_2018,SmallKitchenAppliances,4.0,0.7499322493224932,0.752,0.7520000000000001,655.2692663669586
inception,UCRArchive_2018,ACSF1,4.0,0.8590025252525251,0.82,0.82,299.53501629829407
inception,UCRArchive_2018,ChlorineConcentration,4.0,0.865223589053076,0.871875,0.838179895743497,806.7984826564789
inception,UCRArchive_2018,Ham,4.0,0.7051282051282051,0.6952380952380952,0.6917211328976034,444.52783632278437
inception,UCRArchive_2018,SyntheticControl,4.0,0.9967320261437908,0.9966666666666668,0.9966666666666668,209.483074426651
inception,UCRArchive_2018,MiddlePhalanxTW,4.0,0.3653769841269841,0.525974025974026,0.3708974841583537,561.6610181331636
inception,UCRArchive_2018,InsectWingbeatSound,4.0,0.6298324908403893,0.6297979797979798,0.6297979797979797,611.0089864730835
inception,UCRArchive_2018,Car,4.0,0.9295454545454546,0.9166666666666666,0.9099190283400808,436.4609308242798
inception,UCRArchive_2018,MelbournePedestrian,4.0,0.902102457892496,0.900779007790078,0.9005337519623234,1215.9249925613406
inception,UCRArchive_2018,Plane,4.0,1.0,1.0,1.0,169.5913214683533
inception,UCRArchive_2018,PigAirwayPressure,4.0,0.5683462370962371,0.5432692307692307,0.5432692307692307,493.0652070045471
inception,UCRArchive_2018,ECG5000,4.0,0.7060829309394288,0.9411111111111112,0.5768434795379402,903.6961188316344
inception,UCRArchive_2018,AllGestureWiimoteY,4.0,0.8214206727428006,0.8214285714285714,0.8214285714285715,410.69335198402405
inception,UCRArchive_2018,MixedShapesRegularTrain,4.0,0.9720020055535309,0.970721649484536,0.9701211948016464,1124.9979305267334
inception,UCRArchive_2018,ProximalPhalanxOutlineAgeGroup,4.0,0.7756634380659895,0.8585365853658536,0.7979590017825311,516.2855811119081
inception,UCRArchive_2018,ECG200,4.0,0.9402852049910874,0.94,0.9288194444444444,212.1008400917053
inception,UCRArchive_2018,Adiac,4.0,0.8571639564286624,0.8491048593350383,0.8531567531567529,798.6809809207916
inception,UCRArchive_2018,FaceAll,4.0,0.9001619841177035,0.7970414201183432,0.9050050580757104,951.853760957718
inception,UCRArchive_2018,FacesUCR,4.0,0.965033541523266,0.9673170731707316,0.9564210426843704,176.91554808616638
inception,UCRArchive_2018,UWaveGestureLibraryY,4.0,0.7555397864034414,0.7587939698492462,0.7593401239209984,814.10742020607
inception,UCRArchive_2018,Symbols,4.0,0.9782542507727704,0.9778894472361808,0.9780072653137312,624.8239634037018
inception,UCRArchive_2018,CricketY,4.0,0.8461516817120266,0.8410256410256409,0.8426559132788071,373.35631370544434
inception,UCRArchive_2018,Lightning2,4.0,0.7689393939393939,0.7704918032786885,0.7689393939393939,439.9983396530152
inception,UCRArchive_2018,BME,4.0,0.9934640522875816,0.9933333333333332,0.9933333333333332,579.0127019882202
inception,UCRArchive_2018,Herring,4.0,0.6291291291291292,0.640625,0.6305668016194332,644.9833290576935
inception,UCRArchive_2018,GunPointAgeSpan,4.0,0.9874939874939876,0.9873417721518988,0.9872596153846154,144.15711593627933
inception,UCRArchive_2018,TwoPatterns,4.0,1.0,1.0,1.0,620.1672699451448
inception,UCRArchive_2018,DistalPhalanxOutlineAgeGroup,4.0,0.7339937858382525,0.7410071942446043,0.7557583659278575,556.5043640136719
inception,UCRArchive_2018,OSULeaf,4.0,0.9056829825925656,0.9132231404958676,0.887502352719744,676.11958527565
inception,UCRArchive_2018,GunPoint,4.0,1.0,1.0,1.0,414.1155529022217
inception,UCRArchive_2018,Phoneme,4.0,0.2311270963463997,0.33122362869198313,0.21657373080977416,525.5352416038513
inception,UCRArchive_2018,DiatomSizeReduction,4.0,0.9525162337662336,0.931372549019608,0.9048194713088331,485.20972156524664
inception,UCRArchive_2018,PowerCons,4.0,0.939377085650723,0.9388888888888888,0.9388888888888888,146.10680365562442
inception,UCRArchive_2018,UMD,4.0,0.9862528344671202,0.9861111111111112,0.9861111111111109,606.9383881092073
inception,UCRArchive_2018,CBF,4.0,0.9988998899889988,0.9988888888888888,0.9988888888888888,466.877254486084
inception,UCRArchive_2018,GesturePebbleZ1,4.0,0.9331218374446552,0.9244186046511628,0.92327187100894,208.8375377655029
inception,UCRArchive_2018,SonyAIBORobotSurface1,4.0,0.8761185494180179,0.8635607321131448,0.8790256966574005,414.0949106216431
inception,UCRArchive_2018,HouseTwenty,4.0,0.9655072463768116,0.9663865546218487,0.9655072463768116,517.782603263855
inception,UCRArchive_2018,BeetleFly,4.0,0.8846153846153846,0.85,0.85,509.55990839004517
inception,UCRArchive_2018,ElectricDevices,4.0,0.6753643891119949,0.7084684217351835,0.6148355802914204,5048.5643367767325
inception,UCRArchive_2018,Fungi,4.0,1.0,1.0,1.0,382.3322024345398
inception,UCRArchive_2018,FordB,4.0,0.8374841937434714,0.837037037037037,0.8368504167454225,4435.9683985710135
inception,UCRArchive_2018,StarLightCurves,4.0,0.9757314366737287,0.9783875667799904,0.9605955085603548,1912.1145915985107
inception,UCRArchive_2018,Wine,4.0,0.5741758241758241,0.5740740740740741,0.5740740740740741,254.30195307731628
inception,UCRArchive_2018,GestureMidAirD1,4.0,0.7681471306471307,0.7384615384615385,0.7384615384615386,266.7175192832947
inception,UCRArchive_2018,GesturePebbleZ2,4.0,0.8670033670033671,0.8670886075949367,0.8564430014430013,209.46919679641724
inception,UCRArchive_2018,MixedShapesSmallTrain,4.0,0.908740206542714,0.9109278350515464,0.9088877659322486,258.5944104194641
inception,UCRArchive_2018,LargeKitchenAppliances,4.0,0.896380852902592,0.8933333333333333,0.8933333333333334,713.8130898475647
inception,UCRArchive_2018,DodgerLoopDay,4.0,0.021428571428571432,0.15,0.14285714285714285,160.45989418029785
inception,UCRArchive_2018,MiddlePhalanxOutlineCorrect,4.0,0.8035096984828116,0.8075601374570447,0.8046506024096386,730.1319584846498
inception,UCRArchive_2018,PhalangesOutlinesCorrect,4.0,0.8347261685887793,0.8333333333333334,0.8096339731549773,1073.5989534854891
inception,UCRArchive_2018,NonInvasiveFetalECGThorax1,4.0,0.9518511739153068,0.9536895674300254,0.9525264364189374,2768.730116605759
inception,UCRArchive_2018,PickupGestureWiimoteZ,4.0,0.7533333333333333,0.74,0.74,395.05660319328314
inception,UCRArchive_2018,WormsTwoClass,4.0,0.7931848852901484,0.7922077922077922,0.7992424242424243,370.9510960578919
inception,UCRArchive_2018,SemgHandGenderCh2,4.0,0.7656495290423861,0.7866666666666666,0.7644688644688644,1007.7582001686096
inception,UCRArchive_2018,Mallat,4.0,0.9533998813721654,0.9479744136460554,0.9483365217857588,469.58169794082636
inception,UCRArchive_2018,PLAID,4.0,0.929778177205872,0.931098696461825,0.8710616954694325,1601.1888279914856
inception,UCRArchive_2018,Trace,4.0,1.0,1.0,1.0,321.4585461616516
inception,UCRArchive_2018,DistalPhalanxTW,4.0,0.4926904705974473,0.6330935251798561,0.4766831608936872,566.932501077652
inception,UCRArchive_2018,Earthquakes,4.0,0.8768115942028986,0.7553956834532374,0.5142857142857142,442.05700278282166
inception,UCRArchive_2018,Yoga,4.0,0.8861117567618586,0.8826666666666667,0.8791986423360468,396.8485043048858
inception,UCRArchive_2018,MedicalImages,4.0,0.7965409170255717,0.7960526315789473,0.7692184794632715,518.7466104030609
inception,UCRArchive_2018,RefrigerationDevices,4.0,0.5243835412953061,0.5253333333333333,0.5253333333333333,660.0392451286316
inception,UCRArchive_2018,GestureMidAirD2,4.0,0.7140026640026639,0.7,0.7,255.74229335784912
inception,UCRArchive_2018,DistalPhalanxOutlineCorrect,4.0,0.7613636363636364,0.7572463768115942,0.7335403726708074,734.5650544166565
inception,UCRArchive_2018,GunPointOldVersusYoung,4.0,0.9651491873534406,0.9650793650793652,0.9648484848484848,140.8728539943695
inception,UCRArchive_2018,PigArtPressure,4.0,0.996153846153846,0.9951923076923076,0.9951923076923076,480.67521786689764
inception,UCRArchive_2018,EthanolLevel,4.0,0.7944281816374841,0.78,0.7797299027137737,1929.7164981365204
inception,UCRArchive_2018,CricketX,4.0,0.8361070243458868,0.8256410256410256,0.8330910095148409,390.7198803424835
inception,UCRArchive_2018,EOGHorizontalSignal,4.0,0.6301111106008658,0.5718232044198895,0.5728123841305154,1034.6095511913302
inception,UCRArchive_2018,ProximalPhalanxOutlineCorrect,4.0,0.9119735404782134,0.9072164948453608,0.8707941883329692,810.1023626327515
